Cities,States,Countries
Mumbai,Andhra Pradesh,India
Delhi,Arunachal Pradesh,Bangladesh
Bangalore,Assam,Myanmar
Hyderabad,Bihar,China
Ahmedabad,Chhattisgarh,Nepal
Chennai,Goa,Bhutan
Kolkata,Gujarat,Pakistan
Surat,Haryana,Afghanistan
Pune,Himachal Pradesh,Sri Lanka
Jaipur,Jharkhand,Maldives
Lucknow,Karnataka,Tajikistan
Kanpur,Kerala,United States
Nagpur,Madhya Pradesh,United Kingdom
Indore,Maharashtra,the United States
Thane,Manipur,US
Bhopal,Meghalaya,UK
Visakhapatnam,Mizoram,USA
Pimpri,Nagaland,
Patna,Odisha,
Vadodara,Orissa,
Ghaziabad,Punjab,
Ludhiana,Sikkim,
Agra,Tamil Nadu,
Nashik,Telangana,
Faridabad,Rajasthan,
Meerut,Tripura,
Rajkot,Uttar Pradesh,
Dombivali,Uttarakhand,
Vasai Virar,West Bengal,
Varanasi,Chandigarh,
Srinagar,Delhi,
Aurangabad,New Delhi,
Dhanbad,Jammu,
Amritsar,Kashmir,
Navi Mumbai,Andaman,
Allahabad,Nicobar,
Haora,Ladakh,
Ranchi,Dadra,
Gwalior,Daman,
Jabalpur,Diu,
Coimbatore,Pondicherry,
Vijayawada,Puducherry,
Jodhpur,Lakshadweep,
New York,,
Chinchwad,,
Mamallapuram,,
Madurai,,
Raipur,,
Hoshiarpur,,
Gurdaspur,,
Barauni,,
Ara,,
Kalyan,,
Kota,,
Chandigarh,,
Guwahati,,
Solapur,,
Dharwad,,
Bithur,,
Bareilly,,
Mysore,,
Sitapur,,
Rampur,,
Prayagraj,,
Pratapgarh,,
Muzzafarnagar,,
Moradabad,,
NCR,,
Bandra,,
Gurgaon,,
Aligarh,,
Jalandhar,,
Tiruchirappalli,,
Bhubaneswar,,
Tiruchchirappalli,,
Almora,,
Salem,,
Thiruvananthapuram,,
Bhiwandi,,
Saharanpur,,
Gorakhpur,,
Guntur,,
Amravati,,
Bikaner,,
Noida,,
Rajmahal,,
Jharia,,
Jamshedpur,,
Bhilai Nagar,,
Warangal,,
Cuttack,,
Firozabad,,
Kochi,,
Shantiniketan,,
Shrirampur,,
Bhavnagar,,
Siliguri,,
Siuri,,
Tamluk,,
Titagarh,,
Pithoragarh,,
Nainital,,
Mussoorie,,
Haridwar,,
Dehradun,,
Durgapur,,
Alipore,,
Asansol,,
Kolapur,,
Ajmer,,
Gulbarga,,
Loni,,
Ujjain,,
Siliguri,,
Ulhasnagar,,
Kanpur,,
Kannauj,,
Jhansi,,
Kollam,,
Kottayam,,
Kannur,,
Vatakara,,
Leh,,
Kargil,,
Jammu,,
Nellore,,
Raichur,,
Mangaluru,,
Mangalore,,
Belgaum,,
Jamnagar,,
Tirunelveli,,
Malegaon,,
Gaya,,
Rajouri,,
Punch,,
Lachung,,
Arcot,,
Mangan,,
Gulmarg,,
Doda,,
Kathua,,
Ambattur,,
Jalgaon,,
Udaipur,,
Maheshtala,,
Thoothukudi,,
Tiruppur,,
Davanagere,,
Kozhikode,,
Kurnool,,
Akola,,
Rajpur Sonarpur,,
Chaibasa,,
Bokaro,,
Bellary,,
Sangrur,,
Rupnagar,,
Patiala,,
Barrackpur,,
Darjeeling,,
Dum Dum,,
Rajarhat,,
Bhagalpur,,
Agartala,,
Muzaffarnagar,,
Bhatpara,,
Latur,,
Panihati,,
Dhule,,
Una,,
Rohtak,,
Korba,,
Bhilwara,,
Brahmapur Town,,
Muzaffarpur,,
Ahmadnagar,,
Mathura,,
Kollam,,
Avadi,,
Kadapa,,
Rajahmundry,,
Dhamtari,,
Chamba,,
Bilaspur,,
Hamirpur,,
Nahan,,
Kamarhati,,
Tehri,,
Mandi,,
Shahjahanpur,,
Dharmshala,,
Kullu,,
Kangra,,
Bijapur,,
Dalhousie,,
Rampur,,
Nasik,,
Nanded,,
Nagpur,,
Mahabaleshwar,,
Shimoga,,
Kolhapur,,
Daulatabad,,
Chandrapur,,
Bharhut,,
Kheda,,
Betul,,
Barwani,,
Balaghat,,
Kandla,,
Junagadh,,
Thrissur,,
Bharatpur,,
Amer,,
Barmer,,
Alwar,,
Barddhaman,,
Kulti,,
Khambhat,,
Kakinada,,
Sangareddi,,
Nizamabad,,
Parbhani,,
Tumkur,,
Hisar,,
Ozhukarai,,
Biharsharif,,
Darbhanga,,
Pehowa,,
Panipat,,
Aizawl,,
Bally,,
Dewas,,
Tirupati,,
Ichalkaranji,,
Kurukshetra,,
Karnal,,
Bathinda,,
Jalna,,
Pusa,,
Purnia,,
Satna,,
Barasat,,
Sonipat,,
Sagar,,
Raurkela,,
Durg,,
Imphal,,
Ratlam,,
Hapur,,
Arrah,,
Karimnagar,,
Anantapur,,
NDMC,,
Etawah,,
Ambernath,,
Bharatpur,,
Begusarai,,
Tiruvottiyur,,
Gandhidham,,
Baranagar,,
Puducherry,,
Thoothukkudi,,
Sirohi,,
Sikar,,
Rewa,,
Mirzapur,,
Raichur,,
Pali,,
Ramagundam,,
Hardwar,,
Yemmiganur,,
Vizianagaram,,
Madhubani,,
Katihar,,
Nagercoil,,
Ganganagar,,
Karawal Nagar,,
Mango,,
Thanjavur,,
Bulandshahr,,
Uluberia,,
Murwara,,
Sambhal,,
Singrauli,,
Dhuburi,,
Nadiad,,
Secunderabad,,
Itanagar,,
Naihati,,
Yamunanagar,,
Bidhannagar,,
Pallavaram,,
Bidar,,
Munger,,
Panchkula,,
Burhanpur,,
Raurkela,,
Malda,,
Kharagpur,,
Dindigul,,
Hospet,,
Gandhinagar,,
Nangloi Jat,,
English Bazar,,
Ongole,,
Eluru,,
Deoghar,,
Chapra,,
Haldia,,
Khandwa,,
Puri Town,,
Nandyal,,
Morena,,
Azamgarh,,
Ayodhya,,
Amroha,,
Sarangpur,,
Khandwa,,
Jabalpur,,
Itarsi,,
Anand,,
Chattarpur,,
Dhar,,
Dewas,,
Burhanpur,,
Bhopal,,
Bhojpur,,
Bhind,,
Jahangirpur,,
Madhyamgram,,
Bhiwani,,
Navi Mumbai,,
Baharampur,,
Ambala,,
Morvi,,
Fatehpur,,
Rae Bareli,,
Khora,,
Bhusawal,,
Orai,,
Bahraich,,
Ramanathapuram,,
Vellore,,
Morbi,,
Mahesana,,
Khammam,,
Krishnanagar,,
Midnapore,,
Sambalpur,,
Murshidabad,,
Raichak,,
Raiganj,,
Sirsa,,
Dinapur,,
Serampore,,
Sultanpur,,
Guna,,
Jaunpur,,
Panvel,,
Shivpuri,,
Surendranagar,,
Unnao,,
Hoogli,,
Sitapur,,
Hastsal,,
Tambaram,,
Adityapur,,
Kanchipuram,,
Dindigul,,
Badalapur,,
Erode,,
Alappuzha,,
Dharmapuri,,
Cuddalore,,
Kodaikanal,,
Kanniyakumari,,
Tezpur,,
Silchar,,
Gadag,,
Bahadurgarh,,
Machilipatnam,,
Nagarjunako??a,,
Tinsukia,,
Shimla,,
Medinipur,,
Deoli,,
Bharuch,,
Hoshiarpur,,
Jind,,
Chandannagar,,
Adoni,,
Tonk,,
Faizabad,,
Tenali,,
Alandur,,
Kancheepuram,,
Vapi,,
Silvassa,,
Rajnandgaon,,
Proddatur,,
Okha,,
Navsari,,
Budaun,,
Uttarpara,,
Madgaon,,
Mahbubnagar,,
Panaji,,
Batala,,
Samastipur,,
Saharsa,,
Haldwani,,
Vidisha,,
Pushkar,,
Thanesar,,
Kishangarh,,
Dallo Pura,,
Veraval,,
Banda,,
Chittoor,,
Krishnanagar,,
Barrackpur,,
Lakhimpur,,
Santipur,,
Porbandar,,
Hindupur,,
Balurghat,,
Bhadravati,,
Hanumangarh,,
Moga,,
Pathankot,,
Jhalawar,,
Hajipur,,
Sitamarhi,,
Sasaram,,
Habra,,
Bid,,
Mohali,,
Burari,,
Beawar,,
Abohar,,
Jaisalmer,,
Tiruvannamalai,,
Jamuria,,
Kaithal,,
Godhra,,
Bhuj,,
Dwarka,,
Kohima,,
Lunglei,,
Aizawl,,
Cherrapunji,,
Shillong,,
Rewari,,
Hazaribag,,
Bhimavaram,,
Mandsaur,,
Chidambaram,,
Chengalpattu,,
Chas,,
Rudrapur,,
Chitradurga,,
Kumbakonam,,
Jorhat,,
Dispur,,
Dibrugarh,,
Madikeri,,
Kolar,,
Chhindwara,,
Bankura,,
Mandya,,
Dehri,,
Raigarh,,
Madanapalle,,
Nalgonda,,
Hathras,,
Malerkotla,,
Siwan,,
Chhattarpur,,
Hassan,,
Lalitpur,,
Gondiya,,
Barrackpur,,
Bettiah,,
Thalassery,,
Palakkad,,
Rajapalayam,,
Botad,,
Modinagar,,
Deoria,,
Raniganj,,
Palwal,,
Khanna,,
Neemuch,,
Pilibhit,,
Mustafabad,,
Hardoi,,
Guntakal,,
Pithampur,,
Motihari,,
Dhaulpur,,
Srikakulam,,
Nabadwip,,
Patan,,
Jagdalpur,,
Udupi,,
Basirhat,,
Damoh,,
Halisahar,,
Jagadhri,,
Rishra,,
Kurichi,,
Dimapur,,
Palanpur,,
Dharmavaram,,
Gokal Pur,,
Kashipur,,
Kalyangarh,,
Ashokenagar,,
Baidyabati,,
Puruliya,,
Mandoli,,
Mainpuri,,
Kanchrapara,,
Satara,,
Churu,,
Madavaram,,
Gangapur,,
Dabgram,,
Darjiling,,
Barshi,,
Etah,,
Dumka,,
Jhunjhunu,,
Chikmagalur,,
Jetpur,,
Roorkee,,
Gudivada,,
Baleshwar,,
Baran,,
Hoshangabad,,
Sivasagar,,
Nagaon,,
Pudukkottai,,
Adilabad,,
Hosur,,
Muktsar,,
Koraput,,
Sambhalpur,,
Puri,,
Kornark,,
Cuttack,,
Balangir,,
Yanam,,
Mahe,,
Karaikal,,
Yavatmal,,
Titagarh,,
Barnala,,
Chittaurgarh,,
Narasaraopet,,
Dum Dum,,
Basti,,
Valsad,,
Ambur,,
Giridih,,
Chandausi,,
Gonda,,
Bally Town,,
Kalol,,
Bagaha,,
Thane,,
Satara,,
Ratnagiri,,
Ambikapur,,
Achalpur,,
Gondal,,
Bagalkot,,
Osmanabad,,
Akbarpur,,
Champdani,,
Deesa,,
Khurja,,
Nandurbar,,
Azamgarh,,
Ghazipur,,
Gurugram,,
Firozpur,,
Baripada,,
Mughalsarai,,
Baramula,,
Anantnag,,
Sehore,,
Bongaon,,
Kanpur,,
Khardaha,,
Udhampur,,
Tadpatri,,
Port Blair,,
Sultanpur,,
Bhadrak,,
Shikohabad,,
Hoogli,,
Kalimpong,,
Jalpaiguri,,
Shamli,,
Karaikkudi,,
Khargone,,
Wardha,,
Ranibennur,,
Kishanganj,,
Neyveli,,
Amreli,,
Suryapet,,
Gangawati,,
Hindaun,,
Jamalpur,,
Bhiwadi,,
Ballia,,
Bansberia,,
Tadepalligudem,,
Miryalaguda,,
Baraut,,
Udgir,,
Betul,,
Bundi,,
Jehanabad,,
Ambala Sadar,,
Nagapattinam,,
Nagaur,,
Badami,,
Bengaluru,,
Ballari,,
Buxar,,
Saraikela,,
Seoni,,
Aurangabad,,
Greater Noida,,
Hinganghat,,
Sujangarh,,
Bhadreswar,,
Chilakaluripet,,
Kasganj,,
Kalyani,,
Gyalshing,,
Gangtok,,
Datia,,
Nagda,,
Banswara,,
Kapurthala,,
Howrah,,
Tatanagar,,
Chandragiri,,
Dowlaiswaram,,
Akola,,
